{
	"IcoMoonType": "selection",
	"icons": [
		{
			"icon": {
				"paths": [
					"M992.262 871.396l-242.552-206.294c-25.074-22.566-51.89-32.926-73.552-31.926 57.256-67.068 91.842-154.078 91.842-249.176 0-212.078-171.922-384-384-384-212.076 0-384 171.922-384 384s171.922 384 384 384c95.098 0 182.108-34.586 249.176-91.844-1 21.662 9.36 48.478 31.926 73.552l206.294 242.552c35.322 39.246 93.022 42.554 128.22 7.356s31.892-92.898-7.354-128.22zM384 640c-141.384 0-256-114.616-256-256s114.616-256 256-256 256 114.616 256 256-114.614 256-256 256z"
				],
				"attrs": [],
				"isMulticolor": false,
				"tags": [
					"search",
					"magnifier",
					"magnifying-glass",
					"inspect",
					"find"
				],
				"grid": 16
			},
			"attrs": [],
			"properties": {
				"order": 13,
				"prevSize": 16,
				"ligatures": "search, magnifier",
				"name": "search",
				"id": 0,
				"code": 59648
			},
			"setIdx": 0,
			"setId": 1,
			"iconIdx": 0
		},
		{
			"icon": {
				"paths": [
					"M512 0c-282.77 0-512 229.23-512 512s229.23 512 512 512 512-229.23 512-512-229.23-512-512-512zM512 928c-229.75 0-416-186.25-416-416s186.25-416 416-416 416 186.25 416 416-186.25 416-416 416z",
					"M354.744 706.744l90.512 90.512 285.254-285.256-285.256-285.254-90.508 90.508 194.744 194.746z"
				],
				"attrs": [],
				"isMulticolor": false,
				"tags": [
					"circle-right",
					"right",
					"circle-next",
					"arrow"
				],
				"grid": 16
			},
			"attrs": [],
			"properties": {
				"order": 12,
				"prevSize": 16,
				"ligatures": "circle-right, right5",
				"name": "circle-right",
				"id": 1,
				"code": 59649
			},
			"setIdx": 0,
			"setId": 1,
			"iconIdx": 1
		},
		{
			"icon": {
				"paths": [
					"M512 1024c282.77 0 512-229.23 512-512s-229.23-512-512-512-512 229.23-512 512 229.23 512 512 512zM512 96c229.75 0 416 186.25 416 416s-186.25 416-416 416-416-186.25-416-416 186.25-416 416-416z",
					"M669.256 317.256l-90.512-90.512-285.254 285.256 285.256 285.254 90.508-90.508-194.744-194.746z"
				],
				"attrs": [],
				"isMulticolor": false,
				"tags": [
					"circle-left",
					"left",
					"circle-previous",
					"arrow"
				],
				"grid": 16
			},
			"attrs": [],
			"properties": {
				"order": 11,
				"prevSize": 16,
				"ligatures": "circle-left, left5",
				"name": "circle-left",
				"id": 2,
				"code": 59650
			},
			"setIdx": 0,
			"setId": 1,
			"iconIdx": 2
		},
		{
			"icon": {
				"paths": [
					"M608 192h160v-192h-160c-123.514 0-224 100.486-224 224v96h-128v192h128v512h192v-512h160l32-192h-192v-96c0-17.346 14.654-32 32-32z"
				],
				"attrs": [],
				"isMulticolor": false,
				"tags": [
					"facebook",
					"brand",
					"social"
				],
				"grid": 16
			},
			"attrs": [],
			"properties": {
				"order": 9,
				"prevSize": 16,
				"ligatures": "facebook, brand10",
				"name": "facebook",
				"id": 3,
				"code": 59651
			},
			"setIdx": 0,
			"setId": 1,
			"iconIdx": 3
		},
		{
			"icon": {
				"paths": [
					"M1024 226.4c-37.6 16.8-78.2 28-120.6 33 43.4-26 76.6-67.2 92.4-116.2-40.6 24-85.6 41.6-133.4 51-38.4-40.8-93-66.2-153.4-66.2-116 0-210 94-210 210 0 16.4 1.8 32.4 5.4 47.8-174.6-8.8-329.4-92.4-433-219.6-18 31-28.4 67.2-28.4 105.6 0 72.8 37 137.2 93.4 174.8-34.4-1-66.8-10.6-95.2-26.2 0 0.8 0 1.8 0 2.6 0 101.8 72.4 186.8 168.6 206-17.6 4.8-36.2 7.4-55.4 7.4-13.6 0-26.6-1.4-39.6-3.8 26.8 83.4 104.4 144.2 196.2 146-72 56.4-162.4 90-261 90-17 0-33.6-1-50.2-3 93.2 59.8 203.6 94.4 322.2 94.4 386.4 0 597.8-320.2 597.8-597.8 0-9.2-0.2-18.2-0.6-27.2 41-29.4 76.6-66.4 104.8-108.6z"
				],
				"attrs": [],
				"isMulticolor": false,
				"tags": [
					"twitter",
					"brand",
					"tweet",
					"social"
				],
				"grid": 16
			},
			"attrs": [],
			"properties": {
				"order": 6,
				"prevSize": 16,
				"ligatures": "twitter, brand16",
				"name": "twitter",
				"id": 4,
				"code": 59652
			},
			"setIdx": 0,
			"setId": 1,
			"iconIdx": 4
		},
		{
			"icon": {
				"paths": [
					"M1013.8 307.2c0 0-10-70.6-40.8-101.6-39-40.8-82.6-41-102.6-43.4-143.2-10.4-358.2-10.4-358.2-10.4h-0.4c0 0-215 0-358.2 10.4-20 2.4-63.6 2.6-102.6 43.4-30.8 31-40.6 101.6-40.6 101.6s-10.2 82.8-10.2 165.8v77.6c0 82.8 10.2 165.8 10.2 165.8s10 70.6 40.6 101.6c39 40.8 90.2 39.4 113 43.8 82 7.8 348.2 10.2 348.2 10.2s215.2-0.4 358.4-10.6c20-2.4 63.6-2.6 102.6-43.4 30.8-31 40.8-101.6 40.8-101.6s10.2-82.8 10.2-165.8v-77.6c-0.2-82.8-10.4-165.8-10.4-165.8zM406.2 644.8v-287.8l276.6 144.4-276.6 143.4z"
				],
				"attrs": [],
				"isMulticolor": false,
				"tags": [
					"youtube",
					"brand",
					"social"
				],
				"grid": 16
			},
			"attrs": [],
			"properties": {
				"order": 8,
				"prevSize": 16,
				"ligatures": "youtube, brand21",
				"name": "youtube",
				"id": 5,
				"code": 59653
			},
			"setIdx": 0,
			"setId": 1,
			"iconIdx": 5
		},
		{
			"icon": {
				"paths": [
					"M64 192h896v192h-896zM64 448h896v192h-896zM64 704h896v192h-896z"
				],
				"attrs": [],
				"isMulticolor": false,
				"tags": [
					"menu",
					"list",
					"options",
					"lines",
					"hamburger"
				],
				"grid": 16
			},
			"attrs": [],
			"properties": {
				"order": 9,
				"prevSize": 16,
				"ligatures": "menu, list3",
				"name": "menu",
				"id": 190,
				"code": 59654
			},
			"setIdx": 1,
			"setId": 0,
			"iconIdx": 189
		},
		{
			"icon": {
				"paths": [
					"M512 0c-282.77 0-512 229.23-512 512s229.23 512 512 512 512-229.23 512-512-229.23-512-512-512zM512 928c-229.75 0-416-186.25-416-416s186.25-416 416-416 416 186.25 416 416-186.25 416-416 416z",
					"M672 256l-160 160-160-160-96 96 160 160-160 160 96 96 160-160 160 160 96-96-160-160 160-160z"
				],
				"attrs": [],
				"isMulticolor": false,
				"tags": [
					"cancel-circle",
					"close",
					"remove",
					"delete"
				],
				"grid": 16
			},
			"attrs": [],
			"properties": {
				"order": 7,
				"prevSize": 16,
				"ligatures": "cancel-circle, close",
				"name": "cancel-circle",
				"id": 270,
				"code": 59655
			},
			"setIdx": 1,
			"setId": 0,
			"iconIdx": 269
		},
		{
			"icon": {
				"paths": [
					"M1014.662 822.66c-0.004-0.004-0.008-0.008-0.012-0.010l-310.644-310.65 310.644-310.65c0.004-0.004 0.008-0.006 0.012-0.010 3.344-3.346 5.762-7.254 7.312-11.416 4.246-11.376 1.824-24.682-7.324-33.83l-146.746-146.746c-9.148-9.146-22.45-11.566-33.828-7.32-4.16 1.55-8.070 3.968-11.418 7.31 0 0.004-0.004 0.006-0.008 0.010l-310.648 310.652-310.648-310.65c-0.004-0.004-0.006-0.006-0.010-0.010-3.346-3.342-7.254-5.76-11.414-7.31-11.38-4.248-24.682-1.826-33.83 7.32l-146.748 146.748c-9.148 9.148-11.568 22.452-7.322 33.828 1.552 4.16 3.97 8.072 7.312 11.416 0.004 0.002 0.006 0.006 0.010 0.010l310.65 310.648-310.65 310.652c-0.002 0.004-0.006 0.006-0.008 0.010-3.342 3.346-5.76 7.254-7.314 11.414-4.248 11.376-1.826 24.682 7.322 33.83l146.748 146.746c9.15 9.148 22.452 11.568 33.83 7.322 4.16-1.552 8.070-3.97 11.416-7.312 0.002-0.004 0.006-0.006 0.010-0.010l310.648-310.65 310.648 310.65c0.004 0.002 0.008 0.006 0.012 0.008 3.348 3.344 7.254 5.762 11.414 7.314 11.378 4.246 24.684 1.826 33.828-7.322l146.746-146.748c9.148-9.148 11.57-22.454 7.324-33.83-1.552-4.16-3.97-8.068-7.314-11.414z"
				],
				"attrs": [],
				"isMulticolor": false,
				"tags": [
					"cross",
					"cancel",
					"close",
					"quit",
					"remove"
				],
				"grid": 16
			},
			"attrs": [],
			"properties": {
				"order": 8,
				"prevSize": 16,
				"ligatures": "cross, cancel",
				"name": "cross",
				"id": 272,
				"code": 59656
			},
			"setIdx": 1,
			"setId": 0,
			"iconIdx": 271
		}
	],
	"height": 1024,
	"metadata": {
		"name": "icomoon"
	},
	"preferences": {
		"showGlyphs": true,
		"showQuickUse": true,
		"showQuickUse2": true,
		"showSVGs": true,
		"fontPref": {
			"prefix": "icon-",
			"metadata": {
				"fontFamily": "icomoon"
			},
			"metrics": {
				"emSize": 1024,
				"baseline": 6.25,
				"whitespace": 50
			},
			"embed": false
		},
		"imagePref": {
			"prefix": "icon-",
			"png": true,
			"useClassSelector": true,
			"color": 4473924,
			"bgColor": 16777215,
			"classSelector": ".icon"
		},
		"historySize": 100,
		"showCodes": true,
		"gridSize": 16
	}
}